[
  {
    "id": 1,
    "priority": 1,
    "action": {
      "type": "redirect",
      "redirect": {
        "url": "https://raw.githubusercontent.com/kamarov-therussiantank/TTCV2-plus/main/game/classic_game%402x.png"
      }
    },
    "condition": {
      "urlFilter": "https://cdn.tanktrouble.com/*/assets/images/game/game@2x.png",
      "resourceTypes": ["image"]
    }
  },
  {
    "id": 2,
    "priority": 1,
    "action": {
      "type": "redirect",
      "redirect": {
        "url": "https://raw.githubusercontent.com/kamarov-therussiantank/TTCV2-plus/main/game/classic_game.png"
      }
    },
    "condition": {
      "urlFilter": "https://cdn.tanktrouble.com/*/assets/images/game/game.png",
      "resourceTypes": ["image"]
    }
  }
]
