[
  {
    "id": 1,
    "priority": 1,
    "action": {
      "type": "redirect",
      "redirect": {
        "url": "https://raw.githubusercontent.com/kamarov-therussiantank/TTCV2/main/forum/page1%402x.png"
      }
    },
    "condition": {
      "urlFilter": "https://cdn.tanktrouble.com/*/assets/images/forum/page1@2x.png",
      "resourceTypes": ["image"]
    }
  },
  {
    "id": 2,
    "priority": 1,
    "action": {
      "type": "redirect",
      "redirect": {
        "url": "https://raw.githubusercontent.com/kamarov-therussiantank/TTCV2/main/forum/page1.png"
      }
    },
    "condition": {
      "urlFilter": "https://cdn.tanktrouble.com/*/assets/images/forum/page1.png",
      "resourceTypes": ["image"]
    }
  },
  {
    "id": 3,
    "priority": 1,
    "action": {
      "type": "redirect",
      "redirect": {
        "url": "https://raw.githubusercontent.com/kamarov-therussiantank/TTCV2/main/forum/page1%402x.png"
      }
    },
    "condition": {
      "urlFilter": "https://cdn.tanktrouble.com/*/assets/images/forum/page1Active@2x.png",
      "resourceTypes": ["image"]
    }
  },
  {
    "id": 4,
    "priority": 1,
    "action": {
      "type": "redirect",
      "redirect": {
        "url": "https://raw.githubusercontent.com/kamarov-therussiantank/TTCV2/main/forum/page1.png"
      }
    },
    "condition": {
      "urlFilter": "https://cdn.tanktrouble.com/*/assets/images/forum/page1Active.png",
      "resourceTypes": ["image"]
    }
  },
  {
    "id": 5,
    "priority": 1,
    "action": {
      "type": "redirect",
      "redirect": {
        "url": "https://raw.githubusercontent.com/kamarov-therussiantank/TTCV2/main/forum/pageSelected%402x.png"
      }
    },
    "condition": {
      "urlFilter": "https://cdn.tanktrouble.com/*/assets/images/forum/page1Selected@2x.png",
      "resourceTypes": ["image"]
    }
  },
  {
    "id": 6,
    "priority": 1,
    "action": {
      "type": "redirect",
      "redirect": {
        "url": "https://raw.githubusercontent.com/kamarov-therussiantank/TTCV2/main/forum/pageSelected.png"
      }
    },
    "condition": {
      "urlFilter": "https://cdn.tanktrouble.com/*/assets/images/forum/page1Selected.png",
      "resourceTypes": ["image"]
    }
  },
  {
    "id": 7,
    "priority": 1,
    "action": {
      "type": "redirect",
      "redirect": {
        "url": "https://raw.githubusercontent.com/kamarov-therussiantank/TTCV2/main/forum/page2%402x.png"
      }
    },
    "condition": {
      "urlFilter": "https://cdn.tanktrouble.com/*/assets/images/forum/page2@2x.png",
      "resourceTypes": ["image"]
    }
  },
  {
    "id": 8,
    "priority": 1,
    "action": {
      "type": "redirect",
      "redirect": {
        "url": "https://raw.githubusercontent.com/kamarov-therussiantank/TTCV2/main/forum/page2.png"
      }
    },
    "condition": {
      "urlFilter": "https://cdn.tanktrouble.com/*/assets/images/forum/page2.png",
      "resourceTypes": ["image"]
    }
  },
  {
    "id": 9,
    "priority": 1,
    "action": {
      "type": "redirect",
      "redirect": {
        "url": "https://raw.githubusercontent.com/kamarov-therussiantank/TTCV2/main/forum/page2%402x.png"
      }
    },
    "condition": {
      "urlFilter": "https://cdn.tanktrouble.com/*/assets/images/forum/page2Active@2x.png",
      "resourceTypes": ["image"]
    }
  },
  {
    "id": 10,
    "priority": 1,
    "action": {
      "type": "redirect",
      "redirect": {
        "url": "https://raw.githubusercontent.com/kamarov-therussiantank/TTCV2/main/forum/page2.png"
      }
    },
    "condition": {
      "urlFilter": "https://cdn.tanktrouble.com/*/assets/images/forum/page2Active.png",
      "resourceTypes": ["image"]
    }
  },
  {
    "id": 11,
    "priority": 1,
    "action": {
      "type": "redirect",
      "redirect": {
        "url": "https://raw.githubusercontent.com/kamarov-therussiantank/TTCV2/main/forum/pageSelected%402x.png"
      }
    },
    "condition": {
      "urlFilter": "https://cdn.tanktrouble.com/*/assets/images/forum/page2Selected@2x.png",
      "resourceTypes": ["image"]
    }
  },
  {
    "id": 12,
    "priority": 1,
    "action": {
      "type": "redirect",
      "redirect": {
        "url": "https://raw.githubusercontent.com/kamarov-therussiantank/TTCV2/main/forum/pageSelected.png"
      }
    },
    "condition": {
      "urlFilter": "https://cdn.tanktrouble.com/*/assets/images/forum/page2Selected.png",
      "resourceTypes": ["image"]
    }
  },
  {
    "id": 13,
    "priority": 1,
    "action": {
      "type": "redirect",
      "redirect": {
        "url": "https://raw.githubusercontent.com/kamarov-therussiantank/TTCV2/main/forum/page3%402x.png"
      }
    },
    "condition": {
      "urlFilter": "https://cdn.tanktrouble.com/*/assets/images/forum/page3@2x.png",
      "resourceTypes": ["image"]
    }
  },
  {
    "id": 14,
    "priority": 1,
    "action": {
      "type": "redirect",
      "redirect": {
        "url": "https://raw.githubusercontent.com/kamarov-therussiantank/TTCV2/main/forum/page3.png"
      }
    },
    "condition": {
      "urlFilter": "https://cdn.tanktrouble.com/*/assets/images/forum/page3.png",
      "resourceTypes": ["image"]
    }
  },
  {
    "id": 15,
    "priority": 1,
    "action": {
      "type": "redirect",
      "redirect": {
        "url": "https://raw.githubusercontent.com/kamarov-therussiantank/TTCV2/main/forum/page3%402x.png"
      }
    },
    "condition": {
      "urlFilter": "https://cdn.tanktrouble.com/*/assets/images/forum/page3Active@2x.png",
      "resourceTypes": ["image"]
    }
  },
  {
    "id": 16,
    "priority": 1,
    "action": {
      "type": "redirect",
      "redirect": {
        "url": "https://raw.githubusercontent.com/kamarov-therussiantank/TTCV2/main/forum/page3.png"
      }
    },
    "condition": {
      "urlFilter": "https://cdn.tanktrouble.com/*/assets/images/forum/page3Active.png",
      "resourceTypes": ["image"]
    }
  },
  {
    "id": 17,
    "priority": 1,
    "action": {
      "type": "redirect",
      "redirect": {
        "url": "https://raw.githubusercontent.com/kamarov-therussiantank/TTCV2/main/forum/pageSelected%402x.png"
      }
    },
    "condition": {
      "urlFilter": "https://cdn.tanktrouble.com/*/assets/images/forum/page3Selected@2x.png",
      "resourceTypes": ["image"]
    }
  },
  {
    "id": 18,
    "priority": 1,
    "action": {
      "type": "redirect",
      "redirect": {
        "url": "https://raw.githubusercontent.com/kamarov-therussiantank/TTCV2/main/forum/pageSelected.png"
      }
    },
    "condition": {
      "urlFilter": "https://cdn.tanktrouble.com/*/assets/images/forum/page3Selected.png",
      "resourceTypes": ["image"]
    }
  },
  {
    "id": 19,
    "priority": 1,
    "action": {
      "type": "redirect",
      "redirect": {
        "url": "https://raw.githubusercontent.com/kamarov-therussiantank/TTCV2/main/forum/page4%402x.png"
      }
    },
    "condition": {
      "urlFilter": "https://cdn.tanktrouble.com/*/assets/images/forum/page4@2x.png",
      "resourceTypes": ["image"]
    }
  },
  {
    "id": 20,
    "priority": 1,
    "action": {
      "type": "redirect",
      "redirect": {
        "url": "https://raw.githubusercontent.com/kamarov-therussiantank/TTCV2/main/forum/page4.png"
      }
    },
    "condition": {
      "urlFilter": "https://cdn.tanktrouble.com/*/assets/images/forum/page4.png",
      "resourceTypes": ["image"]
    }
  },
  {
    "id": 21,
    "priority": 1,
    "action": {
      "type": "redirect",
      "redirect": {
        "url": "https://raw.githubusercontent.com/kamarov-therussiantank/TTCV2/main/forum/page4%402x.png"
      }
    },
    "condition": {
      "urlFilter": "https://cdn.tanktrouble.com/*/assets/images/forum/page4Active@2x.png",
      "resourceTypes": ["image"]
    }
  },
  {
    "id": 22,
    "priority": 1,
    "action": {
      "type": "redirect",
      "redirect": {
        "url": "https://raw.githubusercontent.com/kamarov-therussiantank/TTCV2/main/forum/page4.png"
      }
    },
    "condition": {
      "urlFilter": "https://cdn.tanktrouble.com/*/assets/images/forum/page4Active.png",
      "resourceTypes": ["image"]
    }
  },
  {
    "id": 23,
    "priority": 1,
    "action": {
      "type": "redirect",
      "redirect": {
        "url": "https://raw.githubusercontent.com/kamarov-therussiantank/TTCV2/main/forum/pageSelected%402x.png"
      }
    },
    "condition": {
      "urlFilter": "https://cdn.tanktrouble.com/*/assets/images/forum/page4Selected@2x.png",
      "resourceTypes": ["image"]
    }
  },
  {
    "id": 24,
    "priority": 1,
    "action": {
      "type": "redirect",
      "redirect": {
        "url": "https://raw.githubusercontent.com/kamarov-therussiantank/TTCV2/main/forum/pageSelected.png"
      }
    },
    "condition": {
      "urlFilter": "https://cdn.tanktrouble.com/*/assets/images/forum/page4Selected.png",
      "resourceTypes": ["image"]
    }
  },
  {
    "id": 25,
    "priority": 1,
    "action": {
      "type": "redirect",
      "redirect": {
        "url": "https://raw.githubusercontent.com/kamarov-therussiantank/TTCV2/main/forum/page5%402x.png"
      }
    },
    "condition": {
      "urlFilter": "https://cdn.tanktrouble.com/*/assets/images/forum/page5@2x.png",
      "resourceTypes": ["image"]
    }
  },
  {
    "id": 26,
    "priority": 1,
    "action": {
      "type": "redirect",
      "redirect": {
        "url": "https://raw.githubusercontent.com/kamarov-therussiantank/TTCV2/main/forum/page5.png"
      }
    },
    "condition": {
      "urlFilter": "https://cdn.tanktrouble.com/*/assets/images/forum/page5.png",
      "resourceTypes": ["image"]
    }
  },
  {
    "id": 27,
    "priority": 1,
    "action": {
      "type": "redirect",
      "redirect": {
        "url": "https://raw.githubusercontent.com/kamarov-therussiantank/TTCV2/main/forum/page5%402x.png"
      }
    },
    "condition": {
      "urlFilter": "https://cdn.tanktrouble.com/*/assets/images/forum/page5Active@2x.png",
      "resourceTypes": ["image"]
    }
  },
  {
    "id": 28,
    "priority": 1,
    "action": {
      "type": "redirect",
      "redirect": {
        "url": "https://raw.githubusercontent.com/kamarov-therussiantank/TTCV2/main/forum/page5.png"
      }
    },
    "condition": {
      "urlFilter": "https://cdn.tanktrouble.com/*/assets/images/forum/page5Active.png",
      "resourceTypes": ["image"]
    }
  },
  {
    "id": 29,
    "priority": 1,
    "action": {
      "type": "redirect",
      "redirect": {
        "url": "https://raw.githubusercontent.com/kamarov-therussiantank/TTCV2/main/forum/pageSelected%402x.png"
      }
    },
    "condition": {
      "urlFilter": "https://cdn.tanktrouble.com/*/assets/images/forum/page5Selected@2x.png",
      "resourceTypes": ["image"]
    }
  },
  {
    "id": 30,
    "priority": 1,
    "action": {
      "type": "redirect",
      "redirect": {
        "url": "https://raw.githubusercontent.com/kamarov-therussiantank/TTCV2/main/forum/pageSelected.png"
      }
    },
    "condition": {
      "urlFilter": "https://cdn.tanktrouble.com/*/assets/images/forum/page5Selected.png",
      "resourceTypes": ["image"]
    }
  },
  {
    "id": 31,
    "priority": 1,
    "action": {
      "type": "redirect",
      "redirect": {
        "url": "https://raw.githubusercontent.com/kamarov-therussiantank/TTCV2/main/forum/page1%402x.png"
      }
    },
    "condition": {
      "urlFilter": "https://cdn.tanktrouble.com/*/assets/images/forum/page0@2x.png",
      "resourceTypes": ["image"]
    }
  },
  {
    "id": 32,
    "priority": 1,
    "action": {
      "type": "redirect",
      "redirect": {
        "url": "https://raw.githubusercontent.com/kamarov-therussiantank/TTCV2/main/forum/page1.png"
      }
    },
    "condition": {
      "urlFilter": "https://cdn.tanktrouble.com/*/assets/images/forum/page0.png",
      "resourceTypes": ["image"]
    }
  },
  {
    "id": 33,
    "priority": 1,
    "action": {
      "type": "redirect",
      "redirect": {
        "url": "https://raw.githubusercontent.com/kamarov-therussiantank/TTCV2/main/forum/page1%402x.png"
      }
    },
    "condition": {
      "urlFilter": "https://cdn.tanktrouble.com/*/assets/images/forum/page0Active@2x.png",
      "resourceTypes": ["image"]
    }
  },
  {
    "id": 34,
    "priority": 1,
    "action": {
      "type": "redirect",
      "redirect": {
        "url": "https://raw.githubusercontent.com/kamarov-therussiantank/TTCV2/main/forum/page1.png"
      }
    },
    "condition": {
      "urlFilter": "https://cdn.tanktrouble.com/*/assets/images/forum/page0Active.png",
      "resourceTypes": ["image"]
    }
  },
  {
    "id": 35,
    "priority": 1,
    "action": {
      "type": "redirect",
      "redirect": {
        "url": "https://raw.githubusercontent.com/kamarov-therussiantank/TTCV2/main/forum/pageSelected%402x.png"
      }
    },
    "condition": {
      "urlFilter": "https://cdn.tanktrouble.com/*/assets/images/forum/page0Selected@2x.png",
      "resourceTypes": ["image"]
    }
  },
  {
    "id": 36,
    "priority": 1,
    "action": {
      "type": "redirect",
      "redirect": {
        "url": "https://raw.githubusercontent.com/kamarov-therussiantank/TTCV2/main/forum/pageSelected.png"
      }
    },
    "condition": {
      "urlFilter": "https://cdn.tanktrouble.com/*/assets/images/forum/page0Selected.png",
      "resourceTypes": ["image"]
    }
  },
  {
    "id": 37,
    "priority": 1,
    "action": {
      "type": "redirect",
      "redirect": {
        "url": "https://raw.githubusercontent.com/kamarov-therussiantank/TTCV2/main/forum/pageNewest%402x.png"
      }
    },
    "condition": {
      "urlFilter": "https://cdn.tanktrouble.com/*/assets/images/forum/pageNewest@2x.png",
      "resourceTypes": ["image"]
    }
  },
  {
    "id": 38,
    "priority": 1,
    "action": {
      "type": "redirect",
      "redirect": {
        "url": "https://raw.githubusercontent.com/kamarov-therussiantank/TTCV2/main/forum/pageNewest.png"
      }
    },
    "condition": {
      "urlFilter": "https://cdn.tanktrouble.com/*/assets/images/forum/pageNewest.png",
      "resourceTypes": ["image"]
    }
  },
  {
    "id": 39,
    "priority": 1,
    "action": {
      "type": "redirect",
      "redirect": {
        "url": "https://raw.githubusercontent.com/kamarov-therussiantank/TTCV2/main/forum/pageNewestSelected%402x.png"
      }
    },
    "condition": {
      "urlFilter": "https://cdn.tanktrouble.com/*/assets/images/forum/pageNewestSelected@2x.png",
      "resourceTypes": ["image"]
    }
  },
  {
    "id": 40,
    "priority": 1,
    "action": {
      "type": "redirect",
      "redirect": {
        "url": "https://raw.githubusercontent.com/kamarov-therussiantank/TTCV2/main/forum/pageNewestSelected.png"
      }
    },
    "condition": {
      "urlFilter": "https://cdn.tanktrouble.com/*/assets/images/forum/pageNewestSelected.png",
      "resourceTypes": ["image"]
    }
  },
  {
    "id": 41,
    "priority": 1,
    "action": {
      "type": "redirect",
      "redirect": {
        "url": "https://raw.githubusercontent.com/kamarov-therussiantank/TTCV2/main/forum/pageNewestSelected%402x.png"
      }
    },
    "condition": {
      "urlFilter": "https://cdn.tanktrouble.com/*/assets/images/forum/pageNewestActive@2x.png",
      "resourceTypes": ["image"]
    }
  },
  {
    "id": 42,
    "priority": 1,
    "action": {
      "type": "redirect",
      "redirect": {
        "url": "https://raw.githubusercontent.com/kamarov-therussiantank/TTCV2/main/forum/pageNewestSelected.png"
      }
    },
    "condition": {
      "urlFilter": "https://cdn.tanktrouble.com/*/assets/images/forum/pageNewestActive.png",
      "resourceTypes": ["image"]
    }
  },
  {
    "id": 43,
    "priority": 1,
    "action": {
      "type": "redirect",
      "redirect": {
        "url": "https://raw.githubusercontent.com/kamarov-therussiantank/TTCV2/main/forum/pageOldest%402x.png"
      }
    },
    "condition": {
      "urlFilter": "https://cdn.tanktrouble.com/*/assets/images/forum/pageOldest@2x.png",
      "resourceTypes": ["image"]
    }
  },
  {
    "id": 44,
    "priority": 1,
    "action": {
      "type": "redirect",
      "redirect": {
        "url": "https://raw.githubusercontent.com/kamarov-therussiantank/TTCV2/main/forum/pageOldest.png"
      }
    },
    "condition": {
      "urlFilter": "https://cdn.tanktrouble.com/*/assets/images/forum/pageOldest.png",
      "resourceTypes": ["image"]
    }
  },
  {
    "id": 45,
    "priority": 1,
    "action": {
      "type": "redirect",
      "redirect": {
        "url": "https://raw.githubusercontent.com/kamarov-therussiantank/TTCV2/main/forum/pageOldestSelected%402x.png"
      }
    },
    "condition": {
      "urlFilter": "https://cdn.tanktrouble.com/*/assets/images/forum/pageOldestSelected@2x.png",
      "resourceTypes": ["image"]
    }
  },
  {
    "id": 46,
    "priority": 1,
    "action": {
      "type": "redirect",
      "redirect": {
        "url": "https://raw.githubusercontent.com/kamarov-therussiantank/TTCV2/main/forum/pageOldestSelected.png"
      }
    },
    "condition": {
      "urlFilter": "https://cdn.tanktrouble.com/*/assets/images/forum/pageOldestSelected.png",
      "resourceTypes": ["image"]
    }
  },
  {
    "id": 47,
    "priority": 1,
    "action": {
      "type": "redirect",
      "redirect": {
        "url": "https://raw.githubusercontent.com/kamarov-therussiantank/TTCV2/main/forum/pageOldestSelected%402x.png"
      }
    },
    "condition": {
      "urlFilter": "https://cdn.tanktrouble.com/*/assets/images/forum/pageOldestActive@2x.png",
      "resourceTypes": ["image"]
    }
  },
  {
    "id": 48,
    "priority": 1,
    "action": {
      "type": "redirect",
      "redirect": {
        "url": "https://raw.githubusercontent.com/kamarov-therussiantank/TTCV2/main/forum/pageOldestSelected.png"
      }
    },
    "condition": {
      "urlFilter": "https://cdn.tanktrouble.com/*/assets/images/forum/pageOldestActive.png",
      "resourceTypes": ["image"]
    }
  },
  {
    "id": 49,
    "priority": 1,
    "action": {
      "type": "redirect",
      "redirect": {
        "url": "https://raw.githubusercontent.com/kamarov-therussiantank/TTCV2/main/forum/back%402x.png"
      }
    },
    "condition": {
      "urlFilter": "https://cdn.tanktrouble.com/*/assets/images/forum/back@2x.png",
      "resourceTypes": ["image"]
    }
  },
  {
    "id": 50,
    "priority": 1,
    "action": {
      "type": "redirect",
      "redirect": {
        "url": "https://raw.githubusercontent.com/kamarov-therussiantank/TTCV2/main/forum/back.png"
      }
    },
    "condition": {
      "urlFilter": "https://cdn.tanktrouble.com/*/assets/images/forum/back.png",
      "resourceTypes": ["image"]
    }
  },
  {
    "id": 51,
    "priority": 1,
    "action": {
      "type": "redirect",
      "redirect": {
        "url": "https://raw.githubusercontent.com/kamarov-therussiantank/TTCV2/main/forum/back%402x.png"
      }
    },
    "condition": {
      "urlFilter": "https://cdn.tanktrouble.com/*/assets/images/forum/backSelected@2x.png",
      "resourceTypes": ["image"]
    }
  },
  {
    "id": 52,
    "priority": 1,
    "action": {
      "type": "redirect",
      "redirect": {
        "url": "https://raw.githubusercontent.com/kamarov-therussiantank/TTCV2/main/forum/back.png"
      }
    },
    "condition": {
      "urlFilter": "https://cdn.tanktrouble.com/*/assets/images/forum/backSelected.png",
      "resourceTypes": ["image"]
    }
  },
  {
    "id": 53,
    "priority": 1,
    "action": {
      "type": "redirect",
      "redirect": {
        "url": "https://raw.githubusercontent.com/kamarov-therussiantank/TTCV2/main/forum/back%402x.png"
      }
    },
    "condition": {
      "urlFilter": "https://cdn.tanktrouble.com/*/assets/images/forum/backActive@2x.png",
      "resourceTypes": ["image"]
    }
  },
  {
    "id": 54,
    "priority": 1,
    "action": {
      "type": "redirect",
      "redirect": {
        "url": "https://raw.githubusercontent.com/kamarov-therussiantank/TTCV2/main/forum/back.png"
      }
    },
    "condition": {
      "urlFilter": "https://cdn.tanktrouble.com/*/assets/images/forum/backActive.png",
      "resourceTypes": ["image"]
    }
  }
]
